<?xml version="1.0" encoding="UTF-8" standalone="no" ?><xmlgui magic="enable" xmlns:xsi="http://www.w3.org/2001/XMLSchema-instance">
	<widgets>
		<!-- widget - window komponente allgemein  -->
		<widget id="0" type="window">
			<!-- properties beschreiben widget -->
			<properties>
				<property name="width">800</property>
				<property name="height">600</property>
				<property name="xCoord">50</property>
				<property name="yCoord">50</property>
				<property name="title">Test - Formular</property>
			</properties>
			<widgets>
				<!-- MenuBar + MenuItems -->
				<widget id="1" type="menuBar">
					<widgets>
						<widget id="2" type="Menu">
							<properties>
								<property name="text">File</property>
								<!-- menueintrag file reagiert auf Alt+F -->
								<property name="mnemonic">Alt+F</property>
							</properties>
							<widgets>
								<widget id="3" type="MenuItem">
									<properties>
										<property name="text">Exit</property>
									</properties>
								</widget>
							</widgets>
						</widget>
						<widget id="4" type="Menu">
							<properties>
								<property name="text">Help</property>
								<property name="mnemonic">Alt+H</property>
							</properties>
							<widgets>
								<widget id="5" type="MenuItem">
									<properties>
										<property name="text">Search</property>
									</properties>
								</widget>
								<widget id="6" type="MenuItem">
									<properties>
										<property name="Search">Search Content</property>
									</properties>
								</widget>
								<widget id="7" type="MenuItem">
									<properties>
										<property name="text">About...</property>
									</properties>
								</widget>
							</widgets>
						</widget>
					</widgets>
				</widget>
				<!-- Textfeld fuer Beschriftung -->
				<widget id="8" type="button">
					<properties>
						<property name="width">100</property>
						<property name="height">50</property>
						<property name="xCoord">10</property>
						<property name="yCoord">10</property>
						<property name="text">geänderter Text</property>
						<property name="editable">true</property>
					</properties>
				</widget>
				<!-- Textfeld fuer Eintrag -->
				<widget id="9" type="textfield">
					<properties>
						<property name="width">150</property>
						<property name="height">25</property>
						<property name="xCoord">225</property>
						<property name="yCoord">100</property>
						<property name="text">your name here</property>
						<property name="editalbe">true</property>
					</properties>
				</widget>
				<!-- Textfeld fuer Beschriftung -->
				<widget id="10" type="textfield">
					<properties>
						<property name="width">150</property>
						<property name="height">25</property>
						<property name="xCoord">425</property>
						<property name="yCoord">100</property>
						<property name="text">Age: </property>
						<property name="editable">false</property>
					</properties>
				</widget>
				<!-- Textfeld fuer Eintrag -->
				<widget id="11" type="textfield">
					<properties>
						<property name="width">150</property>
						<property name="height">25</property>
						<property name="xCoord">450</property>
						<property name="yCoord">100</property>
						<property name="text">your age here</property>
						<property name="editable">true</property>
					</properties>
				</widget>
				<!-- Textfeld fuer Beschriftung -->
				<widget id="12" type="textfield">
					<properties>
						<property name="width">150</property>
						<property name="height">25</property>
						<property name="xCoord">200</property>
						<property name="yCoord">150</property>
						<property name="text">Sex:: </property>
						<property name="editable">false</property>
					</properties>
				</widget>
				<widget id="13" type="checkox">
					<properties>
						<property name="width">10</property>
						<property name="height">10</property>
						<property name="xCoord">225</property>
						<property name="yCoord">150</property>
						<!-- checked vom type boolean -->
						<property name="checked">false</property>
					</properties>
				</widget>
				<!-- Textfeld fuer Beschriftung -->
				<widget id="14" type="textfield">
					<properties>
						<property name="width">50</property>
						<property name="height">25</property>
						<property name="xCoord">235</property>
						<property name="yCoord">150</property>
						<property name="text">man</property>
						<property name="editable">false</property>
					</properties>
				</widget>
				<widget id="15" type="checkox">
					<properties>
						<property name="width">10</property>
						<property name="height">10</property>
						<property name="xCoord">335</property>
						<property name="yCoord">150</property>
						<!-- checked vom type boolean -->
						<property name="checked">false</property>
					</properties>
				</widget>
				<!-- Textfeld fuer Beschriftung -->
				<widget id="16" type="textfield">
					<properties>
						<property name="width">50</property>
						<property name="height">25</property>
						<property name="xCoord">345</property>
						<property name="yCoord">150</property>
						<property name="text">woman</property>
						<property name="editable">false</property>
					</properties>
				</widget>
				<!-- Textfeld fuer Beschriftung -->
				<widget id="17" type="textfield">
					<properties>
						<property name="width">50</property>
						<property name="height">25</property>
						<property name="xCoord">345</property>
						<property name="yCoord">150</property>
						<property name="text">Profession: </property>
						<property name="editable">false</property>
					</properties>
				</widget>
				<widget id="18" type="combobox">
					<properties>
						<property name="width">150</property>
						<property name="height">25</property>
						<property name="xCoord">200</property>
						<property name="yCoord">200</property>
					</properties>
					<widgets>
						<widget id="19" type="comboboxElement">
							<properties>
								<property name="text">professor</property>
							</properties>
						</widget>
						<widget id="20" type="comboboxElement">
							<properties>
								<property name="text">student</property>
							</properties>
						</widget>
						<widget id="21" type="comboboxElement">
							<properties>
								<property name="text">worker</property>
							</properties>
						</widget>
					</widgets>
				</widget>
				<!-- Buttons -->
				<widget id="22" type="button">
					<properties>
						<property name="width">50</property>
						<property name="height">15</property>
						<property name="xCoord">300</property>
						<property name="yCoord">400</property>
						<property name="text">Submit...</property>
					</properties>
				</widget>
				<widget id="23" type="button">
					<properties>
						<property name="width">50</property>
						<property name="height">15</property>
						<property name="xCoord">450</property>
						<property name="yCoord">400</property>
						<property name="text">Reset Form</property>
					</properties>
				</widget>
			</widgets>
		</widget>
	</widgets>
</xmlgui>